{"gecko":{"last":"/Users/shiva/workspace1/ProtractorCucumberTest/node_modules/protractor/node_modules/webdriver-manager/selenium/geckodriver-v0.23.0","all":["/Users/shiva/workspace1/ProtractorCucumberTest/node_modules/protractor/node_modules/webdriver-manager/selenium/geckodriver-v0.23.0"]},"standalone":{"last":"/Users/shiva/workspace1/ProtractorCucumberTest/node_modules/protractor/node_modules/webdriver-manager/selenium/selenium-server-standalone-3.141.59.jar","all":["/Users/shiva/workspace1/ProtractorCucumberTest/node_modules/protractor/node_modules/webdriver-manager/selenium/selenium-server-standalone-3.141.59.jar"]},"chrome":{"last":"/Users/shiva/workspace1/ProtractorCucumberTest/node_modules/protractor/node_modules/webdriver-manager/selenium/chromedriver_2.45","all":["/Users/shiva/workspace1/ProtractorCucumberTest/node_modules/protractor/node_modules/webdriver-manager/selenium/chromedriver_2.45"]}}